sequence,scheduled_date,scheduled_time,timezone,team,image_path,x_copy,x_reply,alt_text,reddit_title,reddit_body
1,2026-08-03,10:00,Africa/Johannesburg,Ferrari,images/01-ferrari.png,"Ferrari could not be closer at the summer break.

Charles Leclerc and Lewis Hamilton are level at 15–15. Leclerc leads qualifying and sprint races. Hamilton leads races and sprint qualifying.

Who do you expect to finish the season ahead?","Full methodology and every 2026 team-mate battle:

https://grandprixpicks.com/f1-teammate-battles?utm_source=social&utm_medium=organic&utm_campaign=summer_break_h2h_2026","Grand Prix Picks summer-break graphic for Ferrari, with nationality flags for both drivers. Charles Leclerc and Lewis Hamilton are level at 15 each across classified sessions. Races 5–6, qualifying 6–5, sprint races 3–1, and sprint qualifying 1–3. Average qualifying edge: LEC by 0.040 seconds. Championship points: LEC 138 to 169 HAM.",Charles Leclerc and Lewis Hamilton are tied 15-15 at the summer break,"Charles Leclerc leads qualifying 6-5 and sprint races 3-1. Lewis Hamilton leads races 6-5 and sprint qualifying 3-1, while also holding a 31-point championship advantage. Same total, very different routes to it.

**The breakdown through the Hungarian GP**

- Races: **Charles Leclerc 5-6 Lewis Hamilton**
- Qualifying: **Charles Leclerc 6-5 Lewis Hamilton**
- Sprint races: **Charles Leclerc 3-1 Lewis Hamilton**
- Sprint qualifying: **Charles Leclerc 1-3 Lewis Hamilton**
- Overall: **Charles Leclerc 15-15 Lewis Hamilton** (30 classified outcomes)
- Average qualifying edge: **Charles Leclerc by 0.040s**
- Championship points: **Charles Leclerc 138-169 Lewis Hamilton**

Each race, qualifying session, sprint race and sprint qualifying session counts as one H2H result, using the official classification. Retirements and disqualifications still count; a session where neither driver started is void. Qualifying gaps compare the deepest phase both drivers completed.

Which tells you more about their first half: the 15-15 H2H or the championship points gap?

[Methodology and the full 2026 grid](https://grandprixpicks.com/f1-teammate-battles?utm_source=social&utm_medium=organic&utm_campaign=summer_break_h2h_2026)"
2,2026-08-04,10:00,Africa/Johannesburg,Red Bull Racing,images/02-red-bull-racing.png,"Verstappen has set the pace on the Red Bull side of the garage.

Max Verstappen leads Isack Hadjar 24–6 and is ahead in all four disciplines.

Where does Hadjar need to make up the most ground after the break?","Full methodology and every 2026 team-mate battle:

https://grandprixpicks.com/f1-teammate-battles?utm_source=social&utm_medium=organic&utm_campaign=summer_break_h2h_2026","Grand Prix Picks summer-break graphic for Red Bull Racing, with nationality flags for both drivers. Max Verstappen leads Isack Hadjar 24 to 6 across classified sessions. Races 8–3, qualifying 8–3, sprint races 4–0, and sprint qualifying 4–0. Average qualifying edge: VER by 0.159 seconds. Championship points: VER 109 to 68 HAD.",Max Verstappen leads Isack Hadjar 24-6 in Red Bull's summer-break H2H,"Max Verstappen leads all four categories and has swept the eight sprint sessions. Isack Hadjar's six H2H wins have all come in races and qualifying, where the score is 8-3 in each.

**The breakdown through the Hungarian GP**

- Races: **Max Verstappen 8-3 Isack Hadjar**
- Qualifying: **Max Verstappen 8-3 Isack Hadjar**
- Sprint races: **Max Verstappen 4-0 Isack Hadjar**
- Sprint qualifying: **Max Verstappen 4-0 Isack Hadjar**
- Overall: **Max Verstappen 24-6 Isack Hadjar** (30 classified outcomes)
- Average qualifying edge: **Max Verstappen by 0.159s**
- Championship points: **Max Verstappen 109-68 Isack Hadjar**

Each race, qualifying session, sprint race and sprint qualifying session counts as one H2H result, using the official classification. Retirements and disqualifications still count; a session where neither driver started is void. Qualifying gaps compare the deepest phase both drivers completed.

What would a successful second half of this matchup look like for Hadjar?

[Methodology and the full 2026 grid](https://grandprixpicks.com/f1-teammate-battles?utm_source=social&utm_medium=organic&utm_campaign=summer_break_h2h_2026)"
3,2026-08-05,10:00,Africa/Johannesburg,Audi,images/03-audi.png,"The Audi score tells two different stories.

Gabriel Bortoleto leads Nico Hülkenberg 17–13 overall, but Hülkenberg leads qualifying 6–5 and holds a 0.395s average qualifying edge.

Whose first half has impressed you more?","Full methodology and every 2026 team-mate battle:

https://grandprixpicks.com/f1-teammate-battles?utm_source=social&utm_medium=organic&utm_campaign=summer_break_h2h_2026","Grand Prix Picks summer-break graphic for Audi, with nationality flags for both drivers. Gabriel Bortoleto leads Nico Hülkenberg 17 to 13 across classified sessions. Races 7–4, qualifying 5–6, sprint races 3–1, and sprint qualifying 2–2. Average qualifying edge: HUL by 0.395 seconds. Championship points: BOR 10 to 2 HUL.","Gabriel Bortoleto leads Nico Hülkenberg 17-13, but Audi's qualifying picture is different","Gabriel Bortoleto has the stronger race record and a 10-2 points lead. Nico Hülkenberg, however, leads qualifying 6-5 and holds a 0.395s average qualifying edge. The count says one thing; the size of the gaps says another.

**The breakdown through the Hungarian GP**

- Races: **Gabriel Bortoleto 7-4 Nico Hülkenberg**
- Qualifying: **Gabriel Bortoleto 5-6 Nico Hülkenberg**
- Sprint races: **Gabriel Bortoleto 3-1 Nico Hülkenberg**
- Sprint qualifying: **Gabriel Bortoleto 2-2 Nico Hülkenberg**
- Overall: **Gabriel Bortoleto 17-13 Nico Hülkenberg** (30 classified outcomes)
- Average qualifying edge: **Nico Hülkenberg by 0.395s**
- Championship points: **Gabriel Bortoleto 10-2 Nico Hülkenberg**

Each race, qualifying session, sprint race and sprint qualifying session counts as one H2H result, using the official classification. Retirements and disqualifications still count; a session where neither driver started is void. Qualifying gaps compare the deepest phase both drivers completed.

Which first half would you rather have: Bortoleto's race and points record, or Hülkenberg's one-lap pace?

[Methodology and the full 2026 grid](https://grandprixpicks.com/f1-teammate-battles?utm_source=social&utm_medium=organic&utm_campaign=summer_break_h2h_2026)"
4,2026-08-06,10:00,Africa/Johannesburg,McLaren,images/04-mclaren.png,"McLaren are level on Sundays, but not overall.

Lando Norris leads Oscar Piastri 20–9, with a 7–4 qualifying advantage and a clean sweep of all eight sprint sessions.

Can Piastri turn it around after the break?","Full methodology and every 2026 team-mate battle:

https://grandprixpicks.com/f1-teammate-battles?utm_source=social&utm_medium=organic&utm_campaign=summer_break_h2h_2026","Grand Prix Picks summer-break graphic for McLaren, with nationality flags for both drivers. Lando Norris leads Oscar Piastri 20 to 9 across classified sessions. Races 5–5, qualifying 7–4, sprint races 4–0, and sprint qualifying 4–0. Average qualifying edge: NOR by 0.068 seconds. Championship points: NOR 128 to 92 PIA.",Lando Norris leads Oscar Piastri 20-9 despite McLaren being tied 5-5 in races,"The Sunday score is level, but Lando Norris leads qualifying 7-4 and swept all eight sprint sessions. One of the 30 possible H2H outcomes was void under the methodology, leaving 29 classified outcomes in the overall total.

**The breakdown through the Hungarian GP**

- Races: **Lando Norris 5-5 Oscar Piastri**
- Qualifying: **Lando Norris 7-4 Oscar Piastri**
- Sprint races: **Lando Norris 4-0 Oscar Piastri**
- Sprint qualifying: **Lando Norris 4-0 Oscar Piastri**
- Overall: **Lando Norris 20-9 Oscar Piastri** (29 classified outcomes)
- Average qualifying edge: **Lando Norris by 0.068s**
- Championship points: **Lando Norris 128-92 Oscar Piastri**

Each race, qualifying session, sprint race and sprint qualifying session counts as one H2H result, using the official classification. Retirements and disqualifications still count; a session where neither driver started is void. Qualifying gaps compare the deepest phase both drivers completed.

Does the 5-5 race score make this matchup closer than the 20-9 total suggests?

[Methodology and the full 2026 grid](https://grandprixpicks.com/f1-teammate-battles?utm_source=social&utm_medium=organic&utm_campaign=summer_break_h2h_2026)"
5,2026-08-07,10:00,Africa/Johannesburg,Mercedes,images/05-mercedes.png,"The Mercedes battle is split by format.

Kimi Antonelli leads George Russell 17–13 overall, 7–4 in races and 7–4 in qualifying. Russell leads sprint races 3–1.

Who finishes the season ahead?","Full methodology and every 2026 team-mate battle:

https://grandprixpicks.com/f1-teammate-battles?utm_source=social&utm_medium=organic&utm_campaign=summer_break_h2h_2026","Grand Prix Picks summer-break graphic for Mercedes, with nationality flags for both drivers. Kimi Antonelli leads George Russell 17 to 13 across classified sessions. Races 7–4, qualifying 7–4, sprint races 1–3, and sprint qualifying 2–2. Average qualifying edge: ANT by 0.136 seconds. Championship points: ANT 219 to 160 RUS.",Kimi Antonelli leads George Russell 17-13 at the summer break,"Kimi Antonelli has built the lead in races and qualifying, winning both categories 7-4. George Russell leads sprint races 3-1, while sprint qualifying is tied 2-2.

**The breakdown through the Hungarian GP**

- Races: **Kimi Antonelli 7-4 George Russell**
- Qualifying: **Kimi Antonelli 7-4 George Russell**
- Sprint races: **Kimi Antonelli 1-3 George Russell**
- Sprint qualifying: **Kimi Antonelli 2-2 George Russell**
- Overall: **Kimi Antonelli 17-13 George Russell** (30 classified outcomes)
- Average qualifying edge: **Kimi Antonelli by 0.136s**
- Championship points: **Kimi Antonelli 219-160 George Russell**

Each race, qualifying session, sprint race and sprint qualifying session counts as one H2H result, using the official classification. Retirements and disqualifications still count; a session where neither driver started is void. Qualifying gaps compare the deepest phase both drivers completed.

Is Antonelli's race and qualifying edge more meaningful than Russell's advantage in sprint races?

[Methodology and the full 2026 grid](https://grandprixpicks.com/f1-teammate-battles?utm_source=social&utm_medium=organic&utm_campaign=summer_break_h2h_2026)"
6,2026-08-08,10:00,Africa/Johannesburg,Williams,images/06-williams.png,"The Williams total looks one-sided. The race score does not.

Carlos Sainz leads Alex Albon 23–7 overall, but only 6–5 in races. Most of the gap has come from qualifying and the sprint sessions.

What do you make of the split?","Full methodology and every 2026 team-mate battle:

https://grandprixpicks.com/f1-teammate-battles?utm_source=social&utm_medium=organic&utm_campaign=summer_break_h2h_2026","Grand Prix Picks summer-break graphic for Williams, with nationality flags for both drivers. Carlos Sainz leads Alex Albon 23 to 7 across classified sessions. Races 6–5, qualifying 9–2, sprint races 4–0, and sprint qualifying 4–0. Average qualifying edge: SAI by 0.314 seconds. Championship points: SAI 6 to 5 ALB.","Carlos Sainz leads Alex Albon 23-7, but their race H2H is only 6-5","Carlos Sainz's overall lead has been built largely through a 9-2 qualifying score and an 8-0 sweep of the sprint sessions. On Sundays, Alex Albon is only one result behind.

**The breakdown through the Hungarian GP**

- Races: **Carlos Sainz 6-5 Alex Albon**
- Qualifying: **Carlos Sainz 9-2 Alex Albon**
- Sprint races: **Carlos Sainz 4-0 Alex Albon**
- Sprint qualifying: **Carlos Sainz 4-0 Alex Albon**
- Overall: **Carlos Sainz 23-7 Alex Albon** (30 classified outcomes)
- Average qualifying edge: **Carlos Sainz by 0.314s**
- Championship points: **Carlos Sainz 6-5 Alex Albon**

Each race, qualifying session, sprint race and sprint qualifying session counts as one H2H result, using the official classification. Retirements and disqualifications still count; a session where neither driver started is void. Qualifying gaps compare the deepest phase both drivers completed.

Does the 6-5 race score describe this pairing better than the 23-7 overall total?

[Methodology and the full 2026 grid](https://grandprixpicks.com/f1-teammate-battles?utm_source=social&utm_medium=organic&utm_campaign=summer_break_h2h_2026)"
7,2026-08-09,10:00,Africa/Johannesburg,Cadillac,images/07-cadillac.png,"Cadillac’s first summer-break team-mate score is in.

Sergio Pérez leads Valtteri Bottas 20–10 overall, although Bottas holds a tiny 0.016s average qualifying edge.

Which side of that split matters more?","Full methodology and every 2026 team-mate battle:

https://grandprixpicks.com/f1-teammate-battles?utm_source=social&utm_medium=organic&utm_campaign=summer_break_h2h_2026","Grand Prix Picks summer-break graphic for Cadillac, with nationality flags for both drivers. Sergio Pérez leads Valtteri Bottas 20 to 10 across classified sessions. Races 8–3, qualifying 6–5, sprint races 3–1, and sprint qualifying 3–1. Average qualifying edge: BOT by 0.016 seconds. Championship points: PER 0 to 0 BOT.",Sergio Pérez leads Valtteri Bottas 20-10 in Cadillac's first summer-break H2H,"Sergio Pérez leads the qualifying count 6-5, yet Valtteri Bottas holds the average qualifying edge by 0.016s. Neither driver has scored a championship point, so the internal comparison is doing almost all the work here.

**The breakdown through the Hungarian GP**

- Races: **Sergio Pérez 8-3 Valtteri Bottas**
- Qualifying: **Sergio Pérez 6-5 Valtteri Bottas**
- Sprint races: **Sergio Pérez 3-1 Valtteri Bottas**
- Sprint qualifying: **Sergio Pérez 3-1 Valtteri Bottas**
- Overall: **Sergio Pérez 20-10 Valtteri Bottas** (30 classified outcomes)
- Average qualifying edge: **Valtteri Bottas by 0.016s**
- Championship points: **Sergio Pérez 0-0 Valtteri Bottas**

Each race, qualifying session, sprint race and sprint qualifying session counts as one H2H result, using the official classification. Retirements and disqualifications still count; a session where neither driver started is void. Qualifying gaps compare the deepest phase both drivers completed.

Does Bottas's 0.016s average edge change how you read Pérez's 6-5 qualifying lead?

[Methodology and the full 2026 grid](https://grandprixpicks.com/f1-teammate-battles?utm_source=social&utm_medium=organic&utm_campaign=summer_break_h2h_2026)"
8,2026-08-10,10:00,Africa/Johannesburg,Haas,images/08-haas.png,"Bearman has taken control of the Haas battle.

Oliver Bearman leads Esteban Ocon 20–10 overall. Sprint races are the only discipline still level.

Can Ocon close the gap after the break?","Full methodology and every 2026 team-mate battle:

https://grandprixpicks.com/f1-teammate-battles?utm_source=social&utm_medium=organic&utm_campaign=summer_break_h2h_2026","Grand Prix Picks summer-break graphic for Haas, with nationality flags for both drivers. Oliver Bearman leads Esteban Ocon 20 to 10 across classified sessions. Races 7–4, qualifying 8–3, sprint races 2–2, and sprint qualifying 3–1. Average qualifying edge: BEA by 0.202 seconds. Championship points: BEA 18 to 3 OCO.",Oliver Bearman leads Esteban Ocon 20-10 at the summer break,"Oliver Bearman leads races 7-4, qualifying 8-3 and sprint qualifying 3-1. Sprint races are the one category Esteban Ocon has kept level at 2-2.

**The breakdown through the Hungarian GP**

- Races: **Oliver Bearman 7-4 Esteban Ocon**
- Qualifying: **Oliver Bearman 8-3 Esteban Ocon**
- Sprint races: **Oliver Bearman 2-2 Esteban Ocon**
- Sprint qualifying: **Oliver Bearman 3-1 Esteban Ocon**
- Overall: **Oliver Bearman 20-10 Esteban Ocon** (30 classified outcomes)
- Average qualifying edge: **Oliver Bearman by 0.202s**
- Championship points: **Oliver Bearman 18-3 Esteban Ocon**

Each race, qualifying session, sprint race and sprint qualifying session counts as one H2H result, using the official classification. Retirements and disqualifications still count; a session where neither driver started is void. Qualifying gaps compare the deepest phase both drivers completed.

If Ocon is going to make this close, where does it start?

[Methodology and the full 2026 grid](https://grandprixpicks.com/f1-teammate-battles?utm_source=social&utm_medium=organic&utm_campaign=summer_break_h2h_2026)"
9,2026-08-11,10:00,Africa/Johannesburg,Racing Bulls,images/09-racing-bulls.png,"The Racing Bulls are much closer over one lap than the total suggests.

Liam Lawson leads Arvid Lindblad 19–11 overall, but qualifying is only 6–5. The larger gap has come on race days.

Where do you see this finishing?","Full methodology and every 2026 team-mate battle:

https://grandprixpicks.com/f1-teammate-battles?utm_source=social&utm_medium=organic&utm_campaign=summer_break_h2h_2026","Grand Prix Picks summer-break graphic for Racing Bulls, with nationality flags for both drivers. Liam Lawson leads Arvid Lindblad 19 to 11 across classified sessions. Races 8–3, qualifying 6–5, sprint races 3–1, and sprint qualifying 2–2. Average qualifying edge: LAW by 0.077 seconds. Championship points: LAW 43 to 23 LIN.","Liam Lawson leads Arvid Lindblad 19-11, with qualifying much closer","Liam Lawson's largest advantage is the 8-3 race score. Qualifying is only 6-5 and sprint qualifying is tied 2-2, so the one-lap picture is considerably closer than the overall total.

**The breakdown through the Hungarian GP**

- Races: **Liam Lawson 8-3 Arvid Lindblad**
- Qualifying: **Liam Lawson 6-5 Arvid Lindblad**
- Sprint races: **Liam Lawson 3-1 Arvid Lindblad**
- Sprint qualifying: **Liam Lawson 2-2 Arvid Lindblad**
- Overall: **Liam Lawson 19-11 Arvid Lindblad** (30 classified outcomes)
- Average qualifying edge: **Liam Lawson by 0.077s**
- Championship points: **Liam Lawson 43-23 Arvid Lindblad**

Each race, qualifying session, sprint race and sprint qualifying session counts as one H2H result, using the official classification. Retirements and disqualifications still count; a session where neither driver started is void. Qualifying gaps compare the deepest phase both drivers completed.

Does that one-lap closeness suggest Lindblad can narrow the overall gap after the break?

[Methodology and the full 2026 grid](https://grandprixpicks.com/f1-teammate-battles?utm_source=social&utm_medium=organic&utm_campaign=summer_break_h2h_2026)"
10,2026-08-12,10:00,Africa/Johannesburg,Aston Martin,images/10-aston-martin.png,"Alonso has swept every part of the Aston Martin battle.

Fernando Alonso leads Lance Stroll 24–6, including 9–2 in qualifying and 4–0 in sprint qualifying.

Can Stroll take a discipline back after the break?","Full methodology and every 2026 team-mate battle:

https://grandprixpicks.com/f1-teammate-battles?utm_source=social&utm_medium=organic&utm_campaign=summer_break_h2h_2026","Grand Prix Picks summer-break graphic for Aston Martin, with nationality flags for both drivers. Fernando Alonso leads Lance Stroll 24 to 6 across classified sessions. Races 8–3, qualifying 9–2, sprint races 3–1, and sprint qualifying 4–0. Average qualifying edge: ALO by 0.375 seconds. Championship points: ALO 1 to 0 STR.",Fernando Alonso leads Lance Stroll 24-6 and every Aston Martin H2H category,"Fernando Alonso leads every category, including qualifying 9-2 and sprint qualifying 4-0. The internal H2H is emphatic even though the championship points are only 1-0.

**The breakdown through the Hungarian GP**

- Races: **Fernando Alonso 8-3 Lance Stroll**
- Qualifying: **Fernando Alonso 9-2 Lance Stroll**
- Sprint races: **Fernando Alonso 3-1 Lance Stroll**
- Sprint qualifying: **Fernando Alonso 4-0 Lance Stroll**
- Overall: **Fernando Alonso 24-6 Lance Stroll** (30 classified outcomes)
- Average qualifying edge: **Fernando Alonso by 0.375s**
- Championship points: **Fernando Alonso 1-0 Lance Stroll**

Each race, qualifying session, sprint race and sprint qualifying session counts as one H2H result, using the official classification. Retirements and disqualifications still count; a session where neither driver started is void. Qualifying gaps compare the deepest phase both drivers completed.

Which category gives Stroll the most realistic chance of taking ground back?

[Methodology and the full 2026 grid](https://grandprixpicks.com/f1-teammate-battles?utm_source=social&utm_medium=organic&utm_campaign=summer_break_h2h_2026)"
11,2026-08-13,10:00,Africa/Johannesburg,Alpine,images/11-alpine.png,"Alpine’s overall score is exactly two to one.

Pierre Gasly leads Franco Colapinto 20–10. Sprint qualifying is the only discipline still level.

Can Colapinto close the gap in the second half?","Full methodology and every 2026 team-mate battle:

https://grandprixpicks.com/f1-teammate-battles?utm_source=social&utm_medium=organic&utm_campaign=summer_break_h2h_2026","Grand Prix Picks summer-break graphic for Alpine, with nationality flags for both drivers. Pierre Gasly leads Franco Colapinto 20 to 10 across classified sessions. Races 7–4, qualifying 8–3, sprint races 3–1, and sprint qualifying 2–2. Average qualifying edge: GAS by 0.348 seconds. Championship points: GAS 42 to 19 COL.",Pierre Gasly leads Franco Colapinto 20-10 at the summer break,"Pierre Gasly leads races 7-4, qualifying 8-3 and sprint races 3-1. Sprint qualifying is the only level category at 2-2, while the championship points stand at 42-19.

**The breakdown through the Hungarian GP**

- Races: **Pierre Gasly 7-4 Franco Colapinto**
- Qualifying: **Pierre Gasly 8-3 Franco Colapinto**
- Sprint races: **Pierre Gasly 3-1 Franco Colapinto**
- Sprint qualifying: **Pierre Gasly 2-2 Franco Colapinto**
- Overall: **Pierre Gasly 20-10 Franco Colapinto** (30 classified outcomes)
- Average qualifying edge: **Pierre Gasly by 0.348s**
- Championship points: **Pierre Gasly 42-19 Franco Colapinto**

Each race, qualifying session, sprint race and sprint qualifying session counts as one H2H result, using the official classification. Retirements and disqualifications still count; a session where neither driver started is void. Qualifying gaps compare the deepest phase both drivers completed.

Is the 2-2 sprint-qualifying score a foothold for Colapinto, or just the outlier?

[Methodology and the full 2026 grid](https://grandprixpicks.com/f1-teammate-battles?utm_source=social&utm_medium=organic&utm_campaign=summer_break_h2h_2026)"
